Date,delta_oc,close
2010-01-04,-0.017431423,6.4318953
2010-01-05,0.006612072,6.443016
2010-01-06,0.10248471,6.340532
2010-01-07,0.035163794,6.328809
2010-01-08,-0.050490987,6.3708863
2010-01-11,0.080845214,6.3146863
2010-01-12,0.044179466,6.242856
2010-01-13,-0.08354974,6.3309135
2010-01-14,0.020437315,6.2942486
2010-01-15,0.15027075,6.1890583
2010-01-19,-0.20166339,6.462852
2010-01-20,0.095571674,6.3633723
2010-01-21,0.12051806,6.253375
2010-01-22,0.27138948,5.9432154
2010-01-25,-0.016830329,6.1031036
2010-01-26,0.0003005487,6.189358
2010-01-27,-0.03095612,6.2476645
2010-01-28,0.16950625,5.9894977
2010-01-29,0.271089,5.7722077
2010-02-01,-0.07092788,5.85245
2010-02-02,0.001503145,5.8864126
2010-02-03,-0.12202,5.987696
2010-02-04,0.14065279,5.771907
2010-02-05,-0.08505289,5.8743916
2010-02-08,0.047185365,5.8341203
2010-02-09,0.00691222,5.896331
2010-02-10,0.023141447,5.864172
2010-02-11,-0.113905184,5.970866
2010-02-12,-0.06822337,6.0222588
2010-02-16,-0.04387932,6.1130223
2010-02-17,0.049288392,6.0874763
2010-02-18,-0.039070934,6.0988955
2010-02-19,0.005710827,6.0610275
2010-02-22,0.057704553,6.0234594
2010-02-23,0.088359326,5.922478
2010-02-24,-0.07303212,6.0306716
2010-02-25,-0.13885032,6.070946
2010-02-26,-0.0673213,6.1496863
2010-03-01,-0.09737618,6.2810245
2010-03-02,0.032458063,6.276818
2010-03-03,-0.011720596,6.291241
2010-03-04,-0.04297686,6.3327165
2010-03-05,-0.12051723,6.5803638
2010-03-08,0.027950231,6.5842714
2010-03-09,-0.14155525,6.702685
2010-03-10,-0.030354219,6.757383
2010-03-11,-0.04778524,6.7772183
2010-03-12,0.023141047,6.810278
2010-03-15,0.0462833,6.7273293
2010-03-16,-0.008114414,6.7456613
2010-03-17,0.023442006,6.735746
2010-03-18,-0.016530583,6.751673
2010-03-19,0.07633775,6.67954
2010-03-22,-0.12863165,6.7546787
2010-03-23,-0.08174763,6.863172
2010-03-24,-0.051993728,6.8935285
2010-03-25,0.12833151,6.8117814
2010-03-26,-0.058605783,6.9395103
2010-03-29,0.01833387,6.984291
2010-03-30,0.022540752,7.088279
2010-03-31,0.014727288,7.0627327
2010-04-01,0.04327823,7.091888
2010-04-05,-0.10548982,7.1676245
2010-04-06,-0.04027274,7.199182
2010-04-07,-0.03155721,7.231036
2010-04-08,0.014726483,7.2115
2010-04-09,-0.01081895,7.2668
2010-04-12,-0.0027053389,7.281826
2010-04-13,-0.017130075,7.286036
2010-04-14,-0.012322098,7.3840137
2010-04-15,-0.09437068,7.4810867
2010-04-16,0.035162997,7.4354053
2010-04-19,-0.0012021953,7.42549
2010-04-20,0.11871394,7.350953
2010-04-21,-0.012623047,7.7906466
2010-04-22,-0.24734566,8.008541
2010-04-23,-0.08535423,8.139574
2010-04-26,0.071528964,8.0996
2010-04-27,0.15718335,7.875397
2010-04-28,0.049589336,7.862175
2010-04-29,-0.16890517,8.073756
2010-04-30,0.24704473,7.8468504
2010-05-03,-0.075435735,8.004933
2010-05-04,0.12652908,7.774421
2010-05-05,-0.08896005,7.693574
2010-05-06,0.2278104,7.400846
2010-05-07,0.23592639,7.088581
2010-05-10,-0.112402,7.633461
2010-05-11,-0.14065444,7.709503
2010-05-12,-0.08565517,7.8768997
2010-05-13,0.1460626,7.764796
2010-05-14,0.040272728,7.6283526
2010-05-17,0.014426338,7.640374
2010-05-18,0.1388503,7.584474
2010-05-19,0.034862857,7.4636574
2010-05-20,0.12382203,7.145682
2010-05-21,-0.28551567,7.2827306
2010-05-24,0.015628537,7.4161716
2010-05-25,-0.17641847,7.3698864
2010-05-26,0.17942403,7.336529
2010-05-27,-0.08264887,7.614226
2010-05-28,0.075436525,7.720319
2010-06-01,-0.03426175,7.839032
2010-06-02,0.017731182,7.9328074
2010-06-03,0.061910633,7.907858
2010-06-04,0.06762143,7.692667
2010-06-07,0.22089805,7.5417957
2010-06-08,0.11751174,7.49341
2010-06-09,0.24854857,7.309177
2010-06-10,-0.17040756,7.528876
2010-06-11,-0.15868652,7.619037
2010-06-14,0.050491363,7.642175
2010-06-15,-0.12171942,7.804771
2010-06-16,-0.18483388,8.031982
2010-06-17,-0.038169302,8.170835
2010-06-18,-0.054698255,8.236949
2010-06-21,0.22600698,8.119738
2010-06-22,-0.050791528,8.230338
2010-06-23,0.1084961,8.143784
2010-06-24,0.060107335,8.084576
2010-06-25,0.10098276,8.0154505
2010-06-28,-0.04117476,8.063535
2010-06-29,0.23893014,7.698978
2010-06-30,0.15568027,7.559531
2010-07-01,0.17491531,7.4678626
2010-07-02,0.1066912,7.4215817
2010-07-06,0.07122804,7.4723725
2010-07-07,-0.24584322,7.7741146
2010-07-08,0.13193813,7.7566867
2010-07-09,-0.08204859,7.802667
2010-07-12,0.037267234,7.73264
2010-07-13,0.13584559,7.567642
2010-07-14,-0.100680225,7.5955944
2010-07-15,-0.096774265,7.5571237
2010-07-16,0.09857762,7.5105443
2010-07-19,0.12923352,7.380705
2010-07-20,-0.27018648,7.5703483
2010-07-21,0.32608777,7.6409764
2010-07-22,-0.04027273,7.7846355
2010-07-23,-0.08565438,7.8122845
2010-07-26,0.021638706,7.7924495
2010-07-27,-0.09647414,7.93671
2010-07-28,0.08144752,7.8429413
2010-07-29,0.07814106,7.7572856
2010-07-30,-0.04087302,7.7314386
2010-08-02,-0.04237616,7.869687
2010-08-03,-0.027649686,7.872094
2010-08-04,-0.0042076823,7.9036503
2010-08-05,0.0009012452,7.865183
2010-08-06,-0.009317408,7.8167906
2010-08-09,-0.008115216,7.866682
2010-08-10,0.01322415,7.7963595
2010-08-11,0.15658306,7.519255
2010-08-12,-0.15327662,7.5673423
2010-08-13,0.0766379,7.486496
2010-08-16,-0.0018032925,7.4426193
2010-08-17,-0.056802504,7.572753
2010-08-18,-0.021337757,7.6058125
2010-08-19,0.08896003,7.509941
2010-08-20,-0.0075133173,7.502727
2010-08-23,0.18002506,7.3873177
2010-08-24,0.082348734,7.2109
2010-08-25,-0.14576253,7.299861
2010-08-26,0.1553801,7.2214203
2010-08-27,0.003907535,7.261693
2010-08-30,-0.05229469,7.2881417
2010-08-31,-0.037568197,7.3061743
2010-09-01,-0.08595536,7.5234666
2010-09-02,-0.027349535,7.5787644
2010-09-03,-0.11059953,7.777122
2010-09-07,-0.035163805,7.748271
2010-09-08,-0.09437068,7.901845
2010-09-09,0.05920689,7.906354
2010-09-10,-0.006612074,7.9165754
2010-09-13,-0.036666162,8.025674
2010-09-14,-0.0556003,8.056323
2010-09-15,-0.06161049,8.121243
2010-09-16,-0.19024216,8.312087
2010-09-17,0.06972488,8.276019
2010-09-20,-0.21488795,8.512248
2010-09-21,0.0027053398,8.528476
2010-09-22,-0.15147339,8.648094
2010-09-23,-0.07784013,8.683256
2010-09-24,-0.0066112676,8.785437
2010-09-27,0.08475317,8.75058
2010-09-28,0.14756586,8.6213455
2010-09-29,-0.0042076823,8.636671
2010-09-30,0.1577844,8.527872
2010-10-01,0.10909639,8.49091
2010-10-04,0.08896001,8.374298
2010-10-05,-0.20857605,8.683859
2010-10-06,0.012021951,8.691371
2010-10-07,0.033660647,8.692269
2010-10-08,-0.070927896,8.838034
2010-10-11,-0.018632412,8.8768015
2010-10-12,-0.094069794,8.972381
2010-10-13,0.001803292,9.020461
2010-10-14,-0.018634021,9.085681
2010-10-15,-0.21939571,9.459252
2010-10-18,0.014125387,9.55723
2010-10-19,-0.1830298,9.301472
2010-10-20,-0.045982763,9.332728
2010-10-21,0.08535344,9.302373
2010-10-22,0.048086192,9.240761
2010-10-25,0.007514119,9.281934
2010-10-26,-0.035463955,9.258194
2010-10-27,-0.0054098773,9.25158
2010-10-28,0.08144591,9.173741
2010-10-29,0.097676344,9.04571
2010-11-01,-0.05890595,9.141883
2010-11-02,-0.07092709,9.297562
2010-11-03,-0.042978078,9.400951
2010-11-04,-0.08475315,9.565347
2010-11-05,0.025847187,9.531082
2010-11-08,-0.04267713,9.575868
2010-11-09,0.14936915,9.49953
2010-11-10,-0.041775875,9.558133
2010-11-11,-0.04959014,9.516659
2010-11-12,0.2395322,9.257593
2010-11-15,0.042677127,9.227839
2010-11-16,0.12412385,9.064044
2010-11-17,0.021037607,9.031282
2010-11-18,-0.09707525,9.269614
2010-11-19,0.037267227,9.218517
2010-11-22,-0.20076253,9.417779
2010-11-23,0.05169358,9.278628
2010-11-24,-0.08415205,9.461059
2010-11-26,-0.037868343,9.46707
2010-11-29,-0.041174766,9.523268
2010-11-30,0.07182914,9.35136
2010-12-01,-0.033961605,9.509144
2010-12-02,-0.018634025,9.561741
2010-12-03,-0.012923193,9.5404
2010-12-06,-0.045382462,9.621849
2010-12-07,0.1680031,9.56354
2010-12-08,-0.041474942,9.647698
2010-12-09,0.07122885,9.6101265
2010-12-10,-0.027349534,9.63417
2010-12-13,0.081147335,9.667527
2010-12-14,0.043278217,9.626056
2010-12-15,-0.010820563,9.628164
2010-12-16,-0.004808781,9.65491
2010-12-17,0.030655164,9.635672
2010-12-20,-0.018333074,9.68376
2010-12-21,-0.03606505,9.743567
2010-12-22,-0.024043096,9.772419
2010-12-23,0.042076014,9.7255335
2010-12-27,-0.0549984,9.757991
2010-12-28,0.0132233435,9.781737
2010-12-29,0.02794983,9.776327
2010-12-30,0.05469825,9.727336
2010-12-31,0.011720997,9.694277
2011-01-03,-0.11811283,9.904957
2011-01-04,0.0345619,9.956651
2011-01-05,-0.13374059,10.038098
2011-01-06,0.029753117,10.029983
2011-01-07,-0.06401569,10.101814
2011-01-10,-0.10879625,10.292057
2011-01-11,0.09737539,10.267714
2011-01-12,-0.035162196,10.351262
2011-01-13,-0.015627727,10.389128
2011-01-14,-0.07784012,10.473283
2011-01-18,-0.33450314,10.237959
2011-01-19,0.28581432,10.183564
2011-01-20,0.11270297,9.998427
2011-01-21,0.21188164,9.8193035
2011-01-24,-0.31797343,10.1417885
2011-01-25,-0.15237378,10.260497
2011-01-26,-0.02674843,10.334129
2011-01-27,0.01713088,10.3148985
2011-01-28,0.2425384,10.101211
2011-01-31,-0.105790764,10.197988
2011-02-01,-0.1121019,10.369598
2011-02-02,0.003907535,10.348258
2011-02-03,0.010819756,10.321811
2011-02-04,-0.08595532,10.413774
2011-02-07,-0.11991694,10.575467
2011-02-08,-0.045681793,10.675244
2011-02-09,-0.089260966,10.764207
2011-02-10,0.08565518,10.655411
2011-02-11,-0.06311364,10.724838
2011-02-14,-0.07182915,10.794863
2011-02-15,-0.021338554,10.816499
2011-02-16,-0.07002746,10.913578
2011-02-17,-0.03155641,10.768414
2011-02-18,0.2449413,10.5358
2011-02-22,0.10639187,10.17665
2011-02-23,-0.11570848,10.297168
2011-02-24,0.03426256,10.30498
2011-02-25,-0.08715754,10.463667
2011-02-28,-0.05920692,10.615443
2011-03-01,0.18513398,10.498226
2011-03-02,-0.06491693,10.582682
2011-03-03,-0.071228035,10.806282
2011-03-04,0.0021034395,10.819506
2011-03-07,0.18152662,10.680056
2011-03-08,-0.025546236,10.692075
2011-03-09,0.066720225,10.593201
2011-03-10,0.07363242,10.418882
2011-03-11,-0.20016073,10.578776
2011-03-14,-0.0114208525,10.625958
2011-03-15,-0.10008072,10.381618
2011-03-16,0.36035028,9.91818
2011-03-17,0.06581817,10.057334
2011-03-18,0.19414969,9.938019
2011-03-21,-0.09947883,10.197386
2011-03-22,0.04087463,10.254488
2011-03-23,0.0027045377,10.19408
2011-03-24,-0.093768805,10.367793
2011-03-25,-0.10428842,10.56525
2011-03-28,0.08144748,10.532186
2011-03-29,-0.09917868,10.547817
2011-03-30,0.06040909,10.47779
2011-03-31,-0.06461677,10.474183
2011-04-01,0.19685589,10.3554735
2011-04-04,0.093769625,10.25419
2011-04-05,-0.057102658,10.185063
2011-04-06,0.09557293,10.159521
2011-04-07,0.00060029497,10.16072
2011-04-08,0.14606346,10.069955
2011-04-11,0.09797566,9.941923
2011-04-12,-0.057404403,9.990011
2011-04-13,-0.0333605,10.102112
2011-04-14,0.07152898,9.99061
2011-04-15,0.17551652,9.841547
2011-04-18,-0.17281112,9.973482
2011-04-19,-0.14305796,10.154105
2011-04-20,0.033059556,10.2908535
2011-04-21,0.12923276,10.540004
2011-04-25,-0.08024452,10.609429
2011-04-26,0.096173175,10.531587
2011-04-27,0.06281349,10.523474
2011-04-28,-0.016830727,10.4212885
2011-04-29,-0.10068181,10.522872
2011-05-02,0.10398748,10.407166
2011-05-03,-0.0063111237,10.4648695
2011-05-04,-0.03937148,10.506041
2011-05-05,0.04958853,10.4212885
2011-05-06,0.09106427,10.418585
2011-05-09,0.007813468,10.446838
2011-05-10,-0.01683073,10.502435
2011-05-11,0.05379782,10.435714
2011-05-12,-0.013523485,10.415875
2011-05-13,0.15507996,10.233452
2011-05-16,0.17732055,10.01706
2011-05-17,-0.124424,10.102417
2011-05-18,-0.10218417,10.214517
2011-05-19,0.046583857,10.234354
2011-05-20,0.13043495,10.074764
2011-05-23,-0.13313943,10.050116
2011-05-24,0.09947959,9.983697
2011-05-25,-0.100681804,10.121647
2011-05-26,0.029152827,10.068152
2011-05-27,-0.07844121,10.140582
2011-05-31,-0.20226413,10.45375
2011-06-01,0.10098273,10.384018
2011-06-02,0.0120219495,10.401753
2011-06-03,-0.007813466,10.321811
2011-06-06,0.23021561,10.159521
2011-06-07,0.18423276,9.979191
2011-06-08,-0.01382444,9.985203
2011-06-09,0.05289497,9.962662
2011-06-10,0.13975155,9.79466
2011-06-13,0.018032117,9.815695
2011-06-14,-0.07333229,9.991214
2011-06-15,0.09016224,9.820209
2011-06-16,0.05229468,9.772419
2011-06-17,0.2623739,9.625155
2011-06-20,0.061310332,9.476686
2011-06-21,-0.25906658,9.776626
2011-06-22,0.07663793,9.695782
2011-06-23,-0.3693667,9.954846
2011-06-24,0.15087228,9.808185
2011-06-27,-0.13374057,9.979191
2011-06-28,-0.04838715,10.075968
2011-06-29,0.060108144,10.039301
2011-06-30,-0.029152023,10.088287
2011-07-01,-0.21969675,10.3164015
2011-07-05,-0.19324836,10.501831
2011-07-06,-0.084452175,10.571858
2011-07-07,-0.07603685,10.735358
2011-07-08,-0.19144513,10.810791
2011-07-11,0.0703276,10.639181
2011-07-12,-0.006612874,10.631668
2011-07-13,0.009315806,10.759999
2011-07-14,0.09737538,10.752485
2011-07-15,-0.11270294,10.967371
2011-07-18,-0.25155407,11.234255
2011-07-19,0.0345619,11.32592
2011-07-20,0.27710027,11.627962
2011-07-21,-0.0102186585,11.639688
2011-07-22,-0.14967008,11.8203125
2011-07-25,-0.2449428,11.976593
2011-07-26,-0.102485135,12.124162
2011-07-27,0.24043334,11.798971
2011-07-28,-0.006010172,11.77583
2011-07-29,-0.085353434,11.7355585
2011-08-01,0.030955309,11.923996
2011-08-02,0.26267397,11.688374
2011-08-03,-0.04778685,11.798372
2011-08-04,0.36185265,11.341548
2011-08-05,0.20497021,11.228844
2011-08-08,0.254859,10.615443
2011-08-09,-0.38198912,11.240569
2011-08-10,0.22420375,10.930408
2011-08-11,-0.09557289,11.231249
2011-08-12,0.032457657,11.330128
2011-08-15,-0.11360502,11.523076
2011-08-16,0.031257074,11.435019
2011-08-17,0.0562014,11.433812
2011-08-18,0.14396006,11.001336
2011-08-19,0.1845329,10.700191
2011-08-22,0.24253762,10.712514
2011-08-23,-0.399721,11.228244
2011-08-24,-0.0814475,11.305783
2011-08-25,-0.2596685,11.231851
2011-08-26,-0.3729733,11.528183
2011-08-29,-0.053797018,11.72023
2011-08-30,-0.05229468,11.720832
2011-08-31,0.17251101,11.565756
2011-09-01,0.14396001,11.451545
2011-09-02,0.020736655,11.241766
2011-09-06,-0.3717712,11.412778
2011-09-07,0.04898824,11.538704
2011-09-08,-0.05229469,11.545018
2011-09-09,0.19384955,11.344856
2011-09-12,-0.20857607,11.418791
2011-09-13,-0.07453529,11.5594425
2011-09-14,-0.06852351,11.700095
2011-09-15,-0.045982763,11.810096
2011-09-16,-0.1490682,12.036705
2011-09-19,-0.4396928,12.371204
2011-09-20,0.054097164,12.425902
2011-09-21,0.22540596,12.386534
2011-09-22,-0.02374215,12.076375
2011-09-23,-0.12081821,12.15091
2011-09-26,-0.099479645,12.116948
2011-09-27,0.28461277,11.999433
2011-09-28,0.09557128,11.931812
2011-09-29,0.3411153,11.738267
2011-09-30,0.17431428,11.460263
2011-10-03,0.17341383,11.258298
2011-10-04,0.0622124,11.195187
2011-10-05,-0.3122633,11.367996
2011-10-06,-0.12141928,11.341548
2011-10-07,0.17972414,11.114038
2011-10-10,-0.29212627,11.685372
2011-10-11,-0.23201802,12.030391
2011-10-12,0.15477899,12.087493
2011-10-13,-0.1036881,12.27503
2011-10-14,-0.15538009,12.682867
2011-10-17,0.052594822,12.6224575
2011-10-18,-0.014426339,12.69008
2011-10-19,0.082047805,11.980201
2011-10-20,0.14095458,11.880723
2011-10-21,0.1571842,11.807389
2011-10-24,-0.2882195,12.195091
2011-10-25,0.21819358,11.954654
2011-10-26,0.03486205,12.039707
2011-10-27,0.08625548,12.162628
2011-10-28,-0.058605798,12.170442
2011-10-31,-0.0709279,12.165335
2011-11-01,0.02704939,11.916786
2011-11-02,0.080545455,11.943834
2011-11-03,-0.12021706,12.113938
2011-11-04,0.05379702,12.028888
2011-11-07,0.0054106796,12.013558
2011-11-08,-0.12081742,12.208916
2011-11-09,0.050791536,11.879819
2011-11-10,0.3549397,11.577476
2011-11-11,0.059807196,11.5594425
2011-11-14,0.12803052,11.398348
2011-11-15,-0.24133544,11.68597
2011-11-16,0.1346426,11.563948
2011-11-17,0.19745526,11.342748
2011-11-18,0.11961599,11.268516
2011-11-21,0.041774277,11.090298
2011-11-22,-0.16499767,11.315703
2011-11-23,0.22600707,11.029588
2011-11-25,0.14576253,10.926801
2011-11-28,-0.11330409,11.303983
2011-11-29,0.07934327,11.216223
2011-11-30,-0.027348736,11.4867115
2011-12-01,-0.16199215,11.658919
2011-12-02,0.0039067324,11.712117
2011-12-05,0.014426344,11.811599
2011-12-06,0.04688481,11.749685
2011-12-07,0.025245298,11.693786
2011-12-08,0.023742953,11.740971
2011-12-09,-0.023141053,11.82993
2011-12-12,-0.00480878,11.776432
2011-12-13,0.12592717,11.685372
2011-12-14,0.19565275,11.426297
2011-12-15,0.13193808,11.388733
2011-12-16,-0.019835414,11.451245
2011-12-19,0.007814267,11.48701
2011-12-20,-0.24614418,11.899954
2011-12-21,0.007212369,11.914985
2011-12-22,-0.046584666,11.978099
2011-12-23,-0.10939734,12.121756
2011-12-27,-0.1030854,12.217927
2011-12-28,0.12773038,12.101015
2011-12-29,-0.051692784,12.175552
2011-12-30,-0.044781365,12.171947
2012-01-03,-0.05499841,12.359182
2012-01-04,-0.10338637,12.425604
2012-01-05,-0.092566624,12.563554
2012-01-06,-0.07904231,12.694888
2012-01-09,0.11330487,12.674752
2012-01-10,0.0802445,12.720132
2012-01-11,0.003906734,12.699401
2012-01-12,0.026748434,12.664532
2012-01-13,-0.0033048328,12.617049
2012-01-17,-0.015027437,12.764013
2012-01-18,-0.06461678,12.896552
2012-01-19,0.07213009,12.855679
2012-01-20,0.21609013,12.631774
2012-01-23,-0.14245689,12.845459
2012-01-24,0.14095455,12.63508
2012-01-25,0.23382129,13.424002
2012-01-26,0.11210189,13.362995
2012-01-27,-0.08835973,13.442637
2012-01-30,-0.21939571,13.614843
2012-01-31,-0.02674844,13.719135
2012-02-01,0.066721015,13.710419
2012-02-02,0.023442002,13.678263
2012-02-03,-0.0715282,13.815309
2012-02-06,-0.16800234,13.944241
2012-02-07,-0.107594036,14.090303
2012-02-08,-0.18573506,14.326226
2012-02-09,-0.3729727,14.821829
2012-02-10,-0.07393259,14.829338
2012-02-13,-0.09226729,15.10524
2012-02-14,-0.1442602,15.311406
2012-02-15,0.49859783,14.957065
2012-02-16,-0.32187998,15.093509
2012-02-17,0.02975312,15.090808
2012-02-21,-0.23953211,15.473397
2012-02-22,0.0012021955,15.419006
2012-02-23,-0.039370675,15.519678
2012-02-24,-0.08234794,15.700605
2012-02-27,-0.1337422,15.8012905
2012-02-28,-0.2239036,16.091312
2012-02-29,-0.026446693,16.302597
2012-03-01,0.11120061,16.3636
2012-03-02,-0.028250778,16.384941
2012-03-05,0.36846384,16.023687
2012-03-06,-0.19835739,15.936535
2012-03-07,0.18363085,15.949455
2012-03-08,-0.21939656,16.289068
2012-03-09,-0.028852673,16.384638
2012-03-12,-0.09076494,16.589916
2012-03-13,-0.31737146,17.073784
2012-03-14,-0.34652427,17.719347
2012-03-15,0.4222609,17.598528
2012-03-16,-0.02554624,17.598827
2012-03-19,-0.0820478,18.06557
2012-03-20,-0.19385034,18.211637
2012-03-21,0.0072131697,18.107647
2012-03-22,-0.04688561,18.012678
2012-03-23,0.1334404,17.913795
2012-03-26,-0.21609019,18.242294
2012-03-27,-0.24944986,18.4677
2012-03-28,0.0228401,18.562067
2012-03-29,0.08775863,18.328846
2012-03-30,0.27709883,18.018995
2012-04-02,-0.50491065,18.592422
2012-04-03,-0.06071007,18.913708
2012-04-04,0.0012021951,18.76313
2012-04-05,-0.20136365,19.044739
2012-04-09,-0.30354705,19.121378
2012-04-10,0.34532216,18.887259
2012-04-11,0.30054224,18.819927
2012-04-12,0.067021154,18.716843
2012-04-13,0.56742316,18.189693
2012-04-16,0.8995213,17.435339
2012-04-17,-0.9244655,18.324038
2012-04-18,0.16169123,18.283167
2012-04-19,0.38409248,17.655031
2012-04-20,0.5529969,17.22045
2012-04-23,-0.032757793,17.18197
2012-04-24,0.07002583,16.838755
2012-04-25,0.16950628,18.333054
2012-04-26,0.19745523,18.263922
2012-04-27,0.062214002,18.122677
2012-04-30,0.4153496,17.551046
2012-05-01,0.08325001,17.495447
2012-05-02,-0.17251094,17.611149
2012-05-03,0.2608716,17.486134
2012-05-04,0.35554153,16.988129
2012-05-07,-0.23983221,17.115253
2012-05-08,0.042075224,17.076189
2012-05-09,-0.1646959,17.106241
2012-05-10,0.12202035,17.14651
2012-05-11,-0.05139263,17.032007
2012-05-14,0.13073587,16.776844
2012-05-15,0.2488496,16.625078
2012-05-16,0.23953208,16.411987
2012-05-17,0.45652267,15.932324
2012-05-18,0.10759403,15.940137
2012-05-21,-0.80484957,16.868814
2012-05-22,0.37807992,16.739283
2012-05-23,-0.3925094,17.147717
2012-05-24,0.3170714,16.990238
2012-05-25,0.069125436,16.899176
2012-05-29,-0.041173168,17.199106
2012-05-30,-0.2996403,17.406485
2012-05-31,0.09046156,17.363205
2012-06-01,0.24554306,16.860094
2012-06-04,-0.08385027,16.959272
2012-06-05,-0.046884015,16.915403
2012-06-06,-0.11090047,17.174765
2012-06-07,0.1674021,17.182587
2012-06-08,-0.2620721,17.441046
2012-06-11,0.49739566,17.166048
2012-06-12,-0.051090866,17.316015
2012-06-13,0.07092788,17.195799
2012-06-14,-0.008715512,17.176868
2012-06-15,-0.09406978,17.255014
2012-06-18,-0.4454012,17.60514
2012-06-19,-0.12051803,17.654129
2012-06-20,0.07423274,17.603943
2012-06-21,0.23352112,17.361399
2012-06-22,-0.09196551,17.494543
2012-06-25,0.19625321,17.154037
2012-06-26,-0.021039212,17.191895
2012-06-27,0.0150266355,17.26613
2012-06-28,0.078742966,17.102333
2012-06-29,-0.18032603,17.551645
2012-07-02,-0.23412149,17.807709
2012-07-03,-0.13614495,18.014776
2012-07-05,-0.28190905,18.331247
2012-07-06,0.036366,18.209232
2012-07-09,-0.25816533,18.449963
2012-07-10,0.29332748,18.279253
2012-07-11,0.05079074,18.165655
2012-07-12,0.040272743,17.999458
2012-07-13,-0.06070843,18.181879
2012-07-16,-0.053797,18.24018
2012-07-17,0.11570762,18.241083
2012-07-18,0.009917705,18.220648
2012-07-19,-0.091365226,18.46289
2012-07-20,0.26237231,18.16175
2012-07-23,-0.28341138,18.147615
2012-07-24,0.19414885,18.060162
2012-07-25,-0.0153267775,17.28025
2012-07-26,0.14666298,17.277552
2012-07-27,-0.3050494,17.58651
2012-07-30,-0.123522736,17.883144
2012-07-31,-0.22630803,18.355898
2012-08-01,0.2734938,18.237185
2012-08-02,-0.1487672,18.266632
2012-08-03,-0.062212378,18.50436
2012-08-06,-0.15808623,18.710234
2012-08-07,0.055899654,18.660944
2012-08-08,-0.014126193,18.629389
2012-08-09,-0.086928084,18.735638
2012-08-10,-0.09024707,18.764908
2012-08-13,-0.1995104,19.015427
2012-08-14,0.005433911,19.06644
2012-08-15,0.014186843,19.040483
2012-08-16,-0.15483984,19.20679
2012-08-17,-0.24478553,19.562052
2012-08-20,-0.45697418,20.07638
2012-08-21,0.44550487,19.802004
2012-08-22,-0.4361476,20.188658
2012-08-23,0.105036825,20.000315
2012-08-24,-0.11197953,20.018122
2012-08-27,0.13008823,20.3942
2012-08-28,0.0054322984,20.36764
2012-08-29,0.053726573,20.3275
2012-08-30,0.20434149,20.037737
2012-08-31,0.060667638,20.079082
2012-09-04,-0.27798694,20.372766
2012-09-05,0.16117808,20.229704
2012-09-06,-0.09356771,20.412006
2012-09-07,-0.07213996,20.537876
2012-09-10,0.53454477,20.003635
2012-09-11,0.13642806,19.938734
2012-09-12,-0.08873828,20.216417
2012-09-13,-0.16932815,20.61454
2012-09-14,-0.03984116,20.865063
2012-09-17,-0.012979482,21.12161
2012-09-18,-0.06127215,21.185911
2012-09-19,-0.055536784,21.191639
2012-09-20,0.0138837965,21.089022
2012-09-21,0.07002507,21.130974
2012-09-24,-0.11861917,20.85027
2012-09-25,0.44429597,20.32961
2012-09-26,0.10745148,20.077272
2012-09-27,-0.51401967,20.564438
2012-09-28,0.351634,20.135221
2012-10-01,0.3552562,19.902515
2012-10-02,0.015091151,19.960466
2012-10-03,-0.19890599,20.26653
2012-10-04,0.13431478,20.126171
2012-10-05,0.3806106,19.697264
2012-10-08,0.26289588,19.26203
2012-10-09,0.08451337,19.192009
2012-10-10,-0.03531478,19.344732
2012-10-11,0.5553726,18.958076
2012-10-12,-0.0045279902,19.006678
2012-10-15,-0.0727412,19.1591
2012-10-16,-0.4352415,19.612753
2012-10-17,0.12858109,19.456413
2012-10-18,0.20977378,19.095116
2012-10-19,0.640186,18.40694
2012-10-22,-0.6522594,19.137068
2012-10-23,0.53243154,18.513187
2012-10-24,0.13914587,18.617922
2012-10-25,0.31571648,18.39788
2012-10-26,0.16389416,18.23066
2012-10-31,-0.01328092,17.968674
2012-11-01,0.050707366,18.0055
2012-11-02,0.57619756,17.409681
2012-11-05,-0.033201497,17.645716
2012-11-06,0.22275335,17.592299
2012-11-07,0.48028573,16.919168
2012-11-08,0.6937461,16.305162
2012-11-09,-0.20133184,16.58746
2012-11-12,0.34323445,16.459194
2012-11-13,-0.12098104,16.461313
2012-11-14,0.26136813,16.278788
2012-11-15,0.36112466,15.9373665
2012-11-16,-0.07519639,15.999831
2012-11-19,-0.7586339,17.153547
2012-11-20,0.3335331,17.0074
2012-11-21,0.07731931,17.031351
2012-11-23,-0.13128963,17.328495
2012-11-26,-0.41327646,17.875187
2012-11-27,0.14463124,17.731163
2012-11-28,-0.17192169,17.675377
2012-11-29,0.026077539,17.870033
2012-11-30,0.045784656,17.746319
2012-12-03,0.22619638,17.773912
2012-12-04,0.18041003,17.460386
2012-12-05,0.9132709,16.336697
2012-12-06,-0.55487627,16.592907
2012-12-07,0.6109697,16.16872
2012-12-10,-0.14614856,16.06472
2012-12-11,-0.049120467,16.415531
2012-12-12,0.26591507,16.343061
2012-12-13,0.04426898,16.060772
2012-12-14,0.15039282,15.457388
2012-12-17,-0.30017832,15.731487
2012-12-18,-0.2698582,16.18843
2012-12-19,0.15645711,15.958287
2012-12-20,0.25075495,15.819415
2012-12-21,-0.20800333,15.746647
2012-12-24,0.0054587293,15.772117
2012-12-26,0.18192574,15.55471
2012-12-27,-0.046089116,15.617183
2012-12-28,0.021226056,15.451322
2012-12-31,-0.65614873,16.135971
2013-01-02,0.14523849,16.647184
2013-01-03,0.1752558,16.437057
2013-01-04,0.30230126,15.979212
2013-01-07,-0.05761057,15.885217
2013-01-08,0.1182525,15.927967
2013-01-09,0.16373274,15.679032
2013-01-10,0.15281695,15.873397
2013-01-11,0.021224426,15.776054
2013-01-14,0.02819723,15.213605
2013-01-15,0.37537464,14.733619
2013-01-16,-0.3471759,15.345199
2013-01-17,0.23135078,15.241806
2013-01-18,-0.04487622,15.16054
2013-01-22,-0.006367168,15.305172
2013-01-23,-0.15767004,15.585343
2013-01-24,0.28804964,13.659651
2013-01-25,0.35809243,13.337636
2013-01-28,-0.36385238,13.639332
2013-01-29,0.0069744145,13.895244
2013-01-30,0.0051542986,13.851584
2013-01-31,0.04517904,13.810949
2013-02-01,0.16646291,13.75425
2013-02-04,0.35142097,13.411625
2013-02-05,-0.41812792,13.882203
2013-02-06,-0.026683167,13.86735
2013-02-07,-0.15157384,14.279677
2013-02-08,-0.02988771,14.485844
2013-02-11,-0.10460698,14.636806
2013-02-12,0.35407907,14.269923
2013-02-13,0.0060996995,14.242777
2013-02-14,-0.06313065,14.229964
2013-02-15,0.265025,14.033866
2013-02-19,0.03385373,14.028678
2013-02-20,0.26960018,13.688937
2013-02-21,-0.0018299095,13.603846
2013-02-22,-0.047576025,13.748713
2013-02-25,0.33700064,13.504425
2013-02-26,-0.15706441,13.692597
2013-02-27,0.11772094,13.558406
2013-02-28,0.08081898,13.461728
2013-03-01,0.22964756,13.128387
2013-03-04,0.23635723,12.8106
2013-03-05,-0.29460806,13.148816
2013-03-06,0.26990557,12.981692
2013-03-07,-0.18542677,13.131741
2013-03-08,-0.05855548,13.166509
2013-03-11,-0.24764204,13.354068
2013-03-12,0.21866965,13.066166
2013-03-13,0.0030506637,13.06373
2013-03-14,0.010063279,13.190294
2013-03-15,-0.1747527,13.530652
2013-03-18,-0.4352042,13.8984585
2013-03-19,0.15279214,13.860943
2013-03-20,0.1628595,13.787442
2013-03-21,-0.07654836,13.807265
2013-03-22,-0.22354868,14.087238
2013-03-25,0.033852108,14.138169
2013-03-26,0.13113946,14.063754
2013-03-27,0.13358095,13.787442
2013-03-28,0.21836434,13.500155
2013-04-01,0.39616603,13.080809
2013-04-02,-0.06678966,13.107646
2013-04-03,-0.018909061,13.17474
2013-04-04,0.18420765,13.0445175
2013-04-05,0.03964642,12.906671
2013-04-08,-0.04147714,12.9984665
2013-04-09,-0.018908247,13.021946
2013-04-10,-0.23147829,13.287585
2013-04-11,-0.018604489,13.246109
2013-04-12,0.13266478,13.107953
2013-04-15,0.21805891,12.804499
2013-04-16,-0.1424251,12.99938
2013-04-17,0.53279686,12.284511
2013-04-18,0.39464155,11.956661
2013-04-19,-0.07807452,11.910306
2013-04-22,-0.18390144,12.158556
2013-04-23,-0.06526594,12.386066
2013-04-24,-0.3635331,12.365637
2013-04-25,0.086918674,12.45469
2013-04-26,-0.22537866,12.723685
2013-04-29,-0.29491436,13.117714
2013-04-30,-0.23422275,13.503815
2013-05-01,0.15767355,13.397377
2013-05-02,-0.114062734,13.5873785
2013-05-03,0.04056096,13.723398
2013-05-06,-0.15249081,14.050638
2013-05-07,0.19244097,13.988115
2013-05-08,-0.14638953,14.146098
2013-05-09,0.09332748,14.022685
2013-05-10,0.15349853,13.906025
2013-05-13,-0.099159315,13.960364
2013-05-14,0.30668974,13.626355
2013-05-15,0.3165146,13.165549
2013-05-16,-0.3481339,13.341457
2013-05-17,0.17775147,13.300939
2013-05-20,-0.3383107,13.597803
2013-05-21,-0.046356328,13.497416
2013-05-22,0.08288935,13.549296
2013-05-23,-0.19003074,13.573547
2013-05-24,-0.13200833,13.665958
2013-05-28,0.25972018,13.552058
2013-05-29,-0.15196311,13.659815
2013-05-30,-0.18204947,13.863353
2013-05-31,0.08503633,13.806561
2013-06-03,0.0003065938,13.836954
2013-06-04,0.12003557,13.793666
2013-06-05,0.016577382,13.66473
2013-06-06,0.21520506,13.460574
2013-06-07,-0.16301526,13.563419
2013-06-10,0.17928603,13.473775
2013-06-11,-0.05710022,13.434172
2013-06-12,0.22441521,13.26809
2013-06-13,-0.106219985,13.383824
2013-06-14,0.16424328,13.202392
2013-06-17,-0.017191384,13.262254
2013-06-18,-0.0064466665,13.255193
2013-06-19,0.2578765,12.985956
2013-06-20,0.07552125,12.796846
2013-06-21,0.15319116,12.694313
2013-06-24,0.1492005,12.357842
2013-06-25,0.09424809,12.360608
2013-06-26,0.17897859,12.2206135
2013-06-27,0.16792813,12.088913
2013-06-28,-0.15871724,12.173341
2013-07-01,-0.20046803,12.562914
2013-07-02,-0.26186717,12.847502
2013-07-03,0.0018420222,12.91842
2013-07-05,0.09117888,12.814656
2013-07-08,0.15534139,12.741894
2013-07-09,-0.26862198,12.966
2013-07-10,-0.03469019,12.91627
2013-07-11,-0.13323629,13.117658
2013-07-12,0.034997597,13.093714
2013-07-15,-0.07459901,13.122262
2013-07-16,-0.112975694,13.206994
2013-07-17,-0.018725991,13.21037
2013-07-18,0.049732957,13.254888
2013-07-19,0.25020185,13.045824
2013-07-22,0.0967041,13.087573
2013-07-23,0.21520425,12.862853
2013-07-24,-0.04850576,13.523509
2013-07-25,0.06753999,13.461803
2013-07-26,-0.1746814,13.538245
2013-07-29,-0.21459112,13.747006
2013-07-30,-0.10315159,13.916772
2013-07-31,0.07552209,13.89252
2013-08-01,-0.02854929,14.019921
2013-08-02,-0.139069,14.199825
2013-08-05,-0.1461305,14.411961
2013-08-06,0.08503796,14.283018
2013-08-07,-0.03622561,14.274728
2013-08-08,0.088071704,14.246302
2013-08-09,0.12948102,14.043582
2013-08-12,-0.3244748,14.442529
2013-08-13,-0.5757114,15.128871
2013-08-14,-0.019159082,15.404832
2013-08-15,-0.046043508,15.386594
2013-08-16,-0.06736788,15.523188
2013-08-19,-0.10506883,15.690372
2013-08-20,0.26699758,15.484247
2013-08-21,0.038009547,15.524116
2013-08-22,0.06242338,15.542652
2013-08-23,0.06952985,15.482703
2013-08-26,-0.068604,15.542964
2013-08-27,0.2907909,15.098586
2013-08-28,-0.15142092,15.1699705
2013-08-29,-0.0015447416,15.194698
2013-08-30,0.14771254,15.05625
2013-09-03,0.13967864,15.098283
2013-09-04,0.026886087,15.4107
2013-09-05,0.15389487,15.305017
2013-09-06,0.0067995023,15.396179
2013-09-09,-0.03615618,15.6418495
2013-09-10,0.3572313,15.285546
2013-09-11,-0.021632975,14.453345
2013-09-12,-0.12948103,14.6072445
2013-09-13,0.13720638,14.366512
2013-09-16,0.3362188,13.909771
2013-09-17,-0.22744173,14.070469
2013-09-18,-0.04635378,14.359711
2013-09-19,-0.04944326,14.595185
2013-09-20,0.32725576,14.4440775
2013-09-23,0.16872668,15.16194
2013-09-24,0.17861563,15.1143465
2013-09-25,0.23702206,14.880418
2013-09-26,-0.006797849,15.025345
2013-09-27,0.03182892,14.918115
2013-09-30,0.015450711,14.732704
2013-10-01,-0.293882,15.079117
2013-10-02,-0.12144536,15.128561
2013-10-03,0.21940605,14.938513
2013-10-04,0.02564831,14.926769
2013-10-07,-0.036773425,15.072631
2013-10-08,0.27811933,14.862181
2013-10-09,-0.060259752,15.036781
2013-10-10,0.05191715,15.13103
2013-10-11,-0.17985173,15.228992
2013-10-14,-0.19190267,15.328805
2013-10-15,-0.03615618,15.410391
2013-10-16,-0.009888981,15.48548
2013-10-17,-0.13967866,15.59025
2013-10-18,-0.08961646,15.725909
2013-10-21,-0.29635423,16.111256
2013-10-22,0.202102,16.065216
2013-10-23,-0.18417901,16.222506
2013-10-24,-0.21353568,16.437277
2013-10-25,0.16563548,16.253405
2013-10-28,-0.025958588,16.37455
2013-10-29,0.6053785,15.966637
2013-10-30,-0.16347353,16.220652
2013-10-31,0.07107625,16.152668
2013-11-01,0.12330039,16.07016
2013-11-04,-0.17459862,16.277819
2013-11-05,-0.026884442,16.237652
2013-11-06,0.10039679,16.191645
2013-11-07,0.22037828,15.929617
2013-11-08,-0.18587519,16.180458
2013-11-11,0.02921766,16.133522
2013-11-12,-0.07273456,16.16336
2013-11-13,-0.08174837,16.182634
2013-11-14,-0.16629383,16.416687
2013-11-15,0.049421515,16.318151
2013-11-18,0.19768779,16.12047
2013-11-19,-0.016163416,16.14906
2013-11-20,0.13148029,16.007635
2013-11-21,-0.11003312,16.198486
2013-11-22,-0.00870338,16.156834
2013-11-25,-0.08454548,16.279303
2013-11-26,-0.28844836,16.579565
2013-11-27,-0.29994884,16.969967
2013-11-29,-0.20483576,17.284212
2013-12-02,0.21042983,17.13376
2013-12-03,-0.24928378,17.602798
2013-12-04,0.015540931,17.561789
2013-12-05,0.14764372,17.651915
2013-12-06,0.1793481,17.406986
2013-12-09,-0.1718881,17.606232
2013-12-10,-0.061232414,17.578869
2013-12-11,0.17530766,17.448637
2013-12-12,0.049733598,17.423145
2013-12-13,0.26171726,17.23323
2013-12-16,-0.07708375,17.328651
2013-12-17,0.02548764,17.250637
2013-12-18,-0.033258095,17.119465
2013-12-19,0.1566575,16.923332
2013-12-20,-0.111586876,17.065075
2013-12-23,-0.06496409,17.719986
2013-12-24,0.06900289,17.64477
2013-12-26,0.13054739,17.527586
2013-12-27,0.11593939,17.40916
2013-12-30,0.09138466,17.236027
2013-12-31,-0.21291661,17.438068
2014-01-02,0.079261705,17.192827
2014-01-03,0.3692637,16.815168
2014-01-06,-0.20141609,16.90686
2014-01-07,0.1330341,16.785954
2014-01-08,-0.14453626,16.89226
2014-01-09,0.31953007,16.676537
2014-01-10,0.21415995,16.565264
2014-01-13,-0.18090183,16.651983
2014-01-14,-0.25394687,16.98333
2014-01-15,-0.1193573,17.3243
2014-01-16,0.020203859,17.227634
2014-01-17,0.33600554,16.805529
2014-01-21,-0.25114977,17.066633
2014-01-22,-0.018650098,17.142467
2014-01-23,-0.19395608,17.287626
2014-01-24,0.24648513,16.973381
2014-01-27,-0.013364661,17.111074
2014-01-28,0.070246205,15.743429
2014-01-29,0.09946554,15.564707
2014-01-30,0.08578877,15.534551
2014-01-31,-0.16846839,15.56004
2014-02-03,0.033570193,15.588956
2014-02-04,-0.09138302,15.814613
2014-02-05,-0.18742895,15.932727
2014-02-06,-0.07660835,16.025599
2014-02-07,0.053157404,16.249788
2014-02-10,-0.32300743,16.540905
2014-02-11,-0.16728915,16.758844
2014-02-12,0.03220806,16.757595
2014-02-13,-0.30549818,17.023699
2014-02-14,-0.047528062,17.009937
2014-02-18,0.00031227828,17.072485
2014-02-19,0.23076355,16.802942
2014-02-20,0.05753432,16.608446
2014-02-21,0.23576668,16.423964
2014-02-24,-0.1375811,16.495882
2014-02-25,0.22888814,16.324211
2014-02-26,0.19574328,16.176937
2014-02-27,-0.32926136,16.499632
2014-02-28,0.088802256,16.454926
2014-03-03,-0.1357074,16.502447
2014-03-04,-0.0075030266,16.611265
2014-03-05,-0.045026492,16.64628
2014-03-06,0.06378824,16.595942
2014-03-07,0.020324802,16.58625
2014-03-10,-0.080048405,16.601255
2014-03-11,-0.02001085,16.762915
2014-03-12,-0.06566358,16.779177
2014-03-13,0.21231575,16.592815
2014-03-14,0.12820101,16.406448
2014-03-17,0.030018777,16.47055
2014-03-18,-0.17197841,16.616264
2014-03-19,0.031269573,16.611893
2014-03-20,0.037209537,16.531843
2014-03-21,-0.02939255,16.662228
2014-03-24,-0.02407714,16.859846
2014-03-25,-0.10912703,17.04121
2014-03-26,0.21075265,16.878296
2014-03-27,0.08004843,16.805758
2014-03-28,0.04565273,16.786993
2014-03-31,0.0778591,16.783237
2014-04-01,-0.12163652,16.936771
2014-04-02,-0.0053154062,16.964907
2014-04-03,0.0812992,16.847343
2014-04-04,0.24983914,16.629393
2014-04-07,0.14227353,16.368296
2014-04-08,0.054720465,16.367361
2014-04-09,-0.24014522,16.582495
2014-04-10,0.22513409,16.36861
2014-04-11,-0.01907568,16.247602
2014-04-14,0.006878466,16.312326
2014-04-15,0.07223144,16.196012
2014-04-16,-0.030018779,16.228844
2014-04-17,-0.15446745,16.414267
2014-04-21,-0.18229869,16.60908
2014-04-22,-0.10600259,16.62565
2014-04-23,0.1347689,16.408329
2014-04-24,0.013758611,17.753517
2014-04-25,-0.23170368,17.883904
2014-04-28,-0.66571337,18.576506
2014-04-29,0.044089675,18.521479
2014-04-30,0.07973613,18.451433
2014-05-01,0.016258502,18.494898
2014-05-02,-0.007503024,18.52929
2014-05-05,-0.33832747,18.791325
2014-05-06,0.2310758,18.586515
2014-05-07,0.09130547,18.521479
2014-05-08,0.008174655,18.488459
2014-05-09,-0.031444203,18.411419
2014-05-12,-0.16790794,18.640652
2014-05-13,-0.05534014,18.66989
2014-05-14,-0.04527798,18.673344
2014-05-15,0.18488859,18.514555
2014-05-16,-0.27921963,18.787806
2014-05-19,-0.21192971,19.010414
2014-05-20,-0.006288842,19.014193
2014-05-21,-0.077979945,19.064499
2014-05-22,-0.021066366,19.094692
2014-05-23,-0.21633111,19.310389
2014-05-27,-0.30657473,19.67199
2014-05-28,0.063200764,19.621054
2014-05-29,-0.23676951,19.97857
2014-05-30,0.15658802,19.903736
2014-06-02,0.16696581,19.76695
2014-06-03,-0.28550667,20.046478
2014-06-04,-0.23205249,20.2754
2014-06-05,-0.03615959,20.354948
2014-06-06,0.13615136,20.298977
2014-06-09,-0.22010444,20.623785
2014-06-10,0.10565089,20.744846
2014-06-11,0.059427485,20.659012
2014-06-12,0.38518268,20.313435
2014-06-13,0.20249565,20.09113
2014-06-16,-0.15187094,20.29363
2014-06-17,0.05062307,20.267214
2014-06-18,0.019808602,20.289236
2014-06-19,0.094644964,20.218792
2014-06-20,0.20689705,20.009697
2014-06-23,0.107850716,19.992088
2014-06-24,0.10344937,19.87103
2014-06-25,-0.033016004,19.888638
2014-06-26,-0.1166551,20.007496
2014-06-27,-0.255322,20.24521
2014-06-30,-0.18268709,20.454306
2014-07-01,0.0,20.584166
2014-07-02,0.085840605,20.575365
2014-07-03,-0.07923774,20.69642
2014-07-07,-0.40279147,21.12342
2014-07-08,0.20249568,20.986958
2014-07-09,0.011005894,20.995764
2014-07-10,-0.28173342,20.918726
2014-07-11,0.030814493,20.95835
2014-07-14,-0.12986082,21.229074
2014-07-15,0.32575536,20.980358
2014-07-16,0.4820293,20.8615
2014-07-17,0.42700323,20.489525
2014-07-18,-0.17828405,20.784462
2014-07-21,0.23110867,20.676613
2014-07-22,-0.008804378,20.84829
2014-07-23,-0.38958576,21.391949
2014-07-24,0.002201514,21.35673
2014-07-25,-0.18048559,21.497602
2014-07-28,-0.2641247,21.794744
2014-07-29,0.20910023,21.653875
2014-07-30,0.063830495,21.603254
2014-07-31,0.34336403,21.041983
2014-08-01,-0.2707275,21.158636
2014-08-04,0.17168288,21.039783
2014-08-05,0.052824605,20.936338
2014-08-06,-0.04622173,20.901117
2014-08-07,0.099539,20.898909
2014-08-08,-0.10617468,20.956413
2014-08-11,-0.15926374,21.232918
2014-08-12,0.015483879,21.22849
2014-08-13,-0.24110644,21.50942
2014-08-14,-0.037603475,21.56693
2014-08-15,-0.017696349,21.67311
2014-08-18,-0.14820477,21.934118
2014-08-19,-0.2477421,22.237162
2014-08-20,-0.028755296,22.24601
2014-08-21,-0.0022124653,22.248224
2014-08-22,-0.22783495,22.411907
2014-08-25,0.055299807,22.46057
2014-08-26,0.11723539,22.316803
2014-08-27,-0.24553128,22.591076
2014-08-28,-0.14599234,22.617628
2014-08-29,0.079631895,22.672932
2014-09-02,-0.05308904,22.849886
2014-09-03,0.92018783,21.88545
2014-09-04,0.16147453,21.704073
2014-09-05,-0.037603475,21.892096
2014-09-08,0.20792788,21.757164
2014-09-09,0.24110806,21.675314
2014-09-10,-0.66138524,22.341124
2014-09-11,-0.22562252,22.436243
2014-09-12,-0.09954068,22.487118
2014-09-15,0.26101518,22.480478
2014-09-16,-0.23447068,22.310158
2014-09-17,-0.068572916,22.469421
2014-09-18,0.030967759,22.515871
2014-09-19,0.29419544,22.33228
2014-09-22,0.16368869,22.3544
2014-09-23,-0.45124674,22.703894
2014-09-24,0.09069253,22.50703
2014-09-25,0.5839661,21.648779
2014-09-26,-0.4910628,22.285833
2014-09-29,-0.3229507,22.144257
2014-09-30,0.01327142,22.285833
2014-10-01,0.31189004,21.93854
2014-10-02,-0.13935664,22.09781
2014-10-03,-0.039815944,22.035875
2014-10-06,0.072994485,22.035875
2014-10-07,0.15041557,21.843428
2014-10-08,-0.45124683,22.296892
2014-10-09,0.11502458,22.345552
2014-10-10,-0.008848171,22.281397
2014-10-13,0.33622378,22.077894
2014-10-14,0.36276665,21.843428
2014-10-15,0.09511577,21.57578
2014-10-16,-0.15705134,21.29265
2014-10-17,-0.03760347,21.604532
2014-10-20,-0.31852737,22.066832
2014-10-21,0.12165857,22.666286
2014-10-22,-0.033180237,22.781319
2014-10-23,-0.16589946,23.18832
2014-10-24,-0.00884817,23.274578
2014-10-27,-0.05751228,23.250254
2014-10-28,-0.29640618,23.610807
2014-10-29,-0.15262635,23.743528
2014-10-30,-0.0044249296,23.663895
2014-10-31,0.0022124655,23.889524
2014-11-03,-0.26101524,24.199203
2014-11-04,0.16811192,24.022242
2014-11-05,0.053087343,24.079748
2014-11-06,-0.022215506,24.148623
2014-11-07,-0.057761665,24.217491
2014-11-10,0.04220896,24.177507
2014-11-11,-0.22215846,24.370783
2014-11-12,-0.41543686,24.715124
2014-11-13,-0.22660089,25.063917
2014-11-14,-0.22882292,25.36605
2014-11-17,0.062204085,25.323837
2014-11-18,-0.33990213,25.652636
2014-11-19,0.17106292,25.474903
2014-11-20,-0.3110204,25.839243
2014-11-21,0.23104502,25.874798
2014-11-24,-0.39544174,26.354654
2014-11-25,0.3265731,26.125826
2014-11-26,-0.2354874,26.436853
2014-11-28,0.07553305,26.4213
2014-12-01,0.83087194,25.563766
2014-12-02,-0.25103843,25.46602
2014-12-03,-0.03998859,25.75483
2014-12-04,0.06220408,25.657074
2014-12-05,0.21993637,25.54822
2014-12-08,0.37766856,24.970602
2014-12-09,-0.8730827,25.35272
2014-12-10,0.5465113,24.870638
2014-12-11,0.14218129,24.797329
2014-12-12,0.16217473,24.377449
2014-12-15,0.54873,24.044212
2014-12-16,-0.084419586,23.71541
2014-12-17,-0.508743,24.306355
2014-12-18,-0.17328331,25.026148
2014-12-19,0.10663678,24.832865
2014-12-22,-0.17328326,25.090569
2014-12-23,0.15328988,25.001715
2014-12-24,0.12663023,24.883966
2014-12-26,-0.41987926,25.323837
2014-12-29,-0.026659623,25.306068
2014-12-30,0.24881801,24.997261
2014-12-31,0.5420671,24.521847
2015-01-02,0.45764586,24.288584
2015-01-05,0.4532035,23.604338
2015-01-06,0.06220408,23.606552
2015-01-07,-0.12218779,23.937567
2015-01-08,-0.59094054,24.857306
2015-01-09,0.14662369,24.883966
2015-01-12,0.7442305,24.270811
2015-01-13,0.2688115,24.486301
2015-01-14,-0.16884089,24.392996
2015-01-15,0.7064639,23.730963
2015-01-16,0.23104501,23.546576
2015-01-20,-0.1955005,24.153063
2015-01-21,-0.13329642,24.337456
2015-01-22,-0.4754188,24.970602
2015-01-23,-0.15106778,25.099457
2015-01-26,0.14218129,25.126123
2015-01-27,0.7286794,24.246372
2015-01-28,0.51540756,25.617092
2015-01-29,-0.5731691,26.414637
2015-01-30,0.275476,26.028086
2015-02-02,-0.12885061,26.354654
2015-02-03,-0.033324104,26.359098
2015-02-04,-0.2354874,26.561262
2015-02-05,0.017841524,26.750843
2015-02-06,0.24310754,26.525576
2015-02-09,-0.26095074,26.70177
2015-02-10,-0.41261485,27.21476
2015-02-11,-0.4706044,27.852634
2015-02-12,-0.08921442,28.205032
2015-02-13,0.04460636,28.343315
2015-02-17,-0.075832866,28.510595
2015-02-18,-0.24310929,28.709095
2015-02-19,0.0066907844,28.648874
2015-02-20,-0.19627206,28.883057
2015-02-23,-0.6646441,29.66369
2015-02-24,0.17173803,29.478558
2015-02-25,0.6178086,28.724707
2015-02-26,-0.36354843,29.088247
2015-02-27,0.3434727,28.651102
2015-03-02,0.03568644,28.791607
2015-03-03,-0.08921272,28.851835
2015-03-04,0.124902554,28.66894
2015-03-05,0.483986,28.193882
2015-03-06,0.4014623,28.236252
2015-03-09,0.18288878,28.356691
2015-03-10,0.4237672,27.770113
2015-03-11,0.55981874,27.263819
2015-03-12,-0.47729528,27.756735
2015-03-13,0.18065968,27.56492
2015-03-16,-0.23864761,27.86825
2015-03-17,-0.25425994,28.334387
2015-03-18,-0.32786193,28.653326
2015-03-19,0.27879402,28.43699
2015-03-20,0.5241325,28.080137
2015-03-23,-0.020072352,28.372309
2015-03-24,0.12043922,28.25633
2015-03-25,0.7047921,27.518084
2015-03-26,-0.33009115,27.709892
2015-03-27,0.2944064,27.48909
2015-03-30,-0.51744163,28.184961
2015-03-31,0.3702376,27.752274
2015-04-01,0.12713002,27.712128
2015-04-02,-0.064680405,27.950768
2015-04-06,-0.6423408,28.403532
2015-04-07,0.3635467,28.10466
2015-04-08,0.055758808,28.013226
2015-04-09,-0.15835477,28.227333
2015-04-10,-0.2564908,28.34777
2015-04-13,0.3390128,28.292019
2015-04-14,0.15612398,28.169352
2015-04-15,-0.08252194,28.276403
2015-04-16,0.024534006,28.140348
2015-04-17,0.17842884,27.82364
2015-04-20,-0.45276114,28.45929
2015-04-21,0.2654124,28.305395
2015-04-22,-0.36354688,28.686794
2015-04-23,-0.30555713,28.920975
2015-04-24,0.046838887,29.057024
2015-04-27,-0.075831145,29.585615
2015-04-28,0.86983943,29.119478
2015-04-29,0.3390145,28.691252
2015-04-30,0.77839226,27.912851
2015-05-01,-0.63565004,28.760391
2015-05-04,0.17842884,28.70463
2015-05-05,0.52413064,28.057827
2015-05-06,0.3457035,27.881628
2015-05-07,-0.10974499,28.054089
2015-05-08,-0.21052936,28.582645
2015-05-11,0.23964444,28.29149
2015-05-12,-0.06047201,28.19071
2015-05-13,0.031355217,28.22206
2015-05-14,-0.3449074,28.880522
2015-05-15,0.06719074,28.84021
2015-05-18,-0.40537933,29.158236
2015-05-19,0.13885832,29.131363
2015-05-20,-0.013437465,29.12913
2015-05-21,-0.29563445,29.427004
2015-05-22,-0.21052589,29.684553
2015-05-26,0.6674235,29.030575
2015-05-27,-0.38074294,29.572578
2015-05-28,0.01791776,29.514353
2015-05-29,0.21276782,29.178402
2015-06-01,-0.058230136,29.236624
2015-06-02,-0.022398053,29.106735
2015-06-03,0.120944,29.142563
2015-06-04,0.04927298,28.972351
2015-06-05,0.19037317,28.813332
2015-06-08,0.24636143,28.62296
2015-06-09,-0.1612564,28.537855
2015-06-10,-0.21500966,28.864845
2015-06-11,0.1321396,28.79989
2015-06-12,0.22844712,28.481861
2015-06-15,-0.18365271,28.425867
2015-06-16,-0.12766103,28.57817
2015-06-17,0.09406566,28.510979
2015-06-18,-0.14557704,28.640873
2015-06-19,0.2486033,28.354198
2015-06-22,-0.026876632,28.580404
2015-06-23,0.10078609,28.450504
2015-06-24,-0.2015705,28.692392
2015-06-25,0.30459502,28.55577
2015-06-26,0.20604908,28.387796
2015-06-29,0.20828919,27.890585
2015-06-30,0.031355217,28.092157
2015-07-01,0.06719073,28.354198
2015-07-02,-0.0022401467,28.318367
2015-07-06,-0.23740432,28.219824
2015-07-07,0.04479269,28.150396
2015-07-08,0.42777747,27.451614
2015-07-09,0.8465944,26.891699
2015-07-10,-0.3001147,27.610626
2015-07-13,-0.14110018,28.143671
2015-07-14,0.09630578,28.132467
2015-07-15,-0.24636318,28.403475
2015-07-16,-0.17245367,28.78197
2015-07-17,-0.120940566,29.030575
2015-07-20,-0.24636486,29.579298
2015-07-21,0.47033167,29.28366
2015-07-22,-0.72341365,28.045128
2015-07-23,0.23292403,28.031693
2015-07-24,0.18365276,27.883875
2015-07-27,0.071669325,27.49641
2015-07-28,0.0,27.633026
2015-07-29,0.03583551,27.545677
2015-07-30,-0.0111990245,27.40682
2015-07-31,0.2911559,27.167183
2015-08-03,0.685338,26.526634
2015-08-04,0.6226275,25.675556
2015-08-05,-0.54871976,25.845774
2015-08-06,0.1889846,25.902016
2015-08-07,-0.2114806,25.98976
2015-08-10,-0.7176886,26.934677
2015-08-11,0.9719161,25.533047
2015-08-12,-0.60969716,25.926762
2015-08-13,0.2002326,25.906517
2015-08-14,-0.36896798,26.088745
2015-08-17,-0.25197887,26.358727
2015-08-18,-0.015748573,26.21024
2015-08-19,0.24522802,25.87502
2015-08-20,0.32172233,25.344065
2015-08-21,1.050659,23.793947
2015-08-24,-1.8560903,23.200005
2015-08-25,1.6581076,23.339487
2015-08-26,-0.584951,24.678123
2015-08-27,-0.15523544,25.404808
2015-08-28,-0.25197887,25.48805
2015-08-31,-0.16423659,25.368813
2015-09-01,0.546703,24.234913
2015-09-02,-0.4747075,25.27432
2015-09-03,0.47695783,24.831112
2015-09-04,-0.067493156,24.583632
2015-09-08,-0.12598857,25.267567
2015-09-09,0.8121802,24.781616
2015-09-10,-0.5174561,25.326069
2015-09-11,-0.54445267,25.695036
2015-09-14,0.28572634,25.942513
2015-09-15,-0.07874286,26.160742
2015-09-16,-0.03599772,26.189991
2015-09-17,0.39146748,25.62979
2015-09-18,-0.27897543,25.524046
2015-09-21,-0.3464703,25.920012
2015-09-22,-0.0045005744,25.512808
2015-09-23,-0.15523718,25.719786
2015-09-24,-0.39371604,25.872768
2015-09-25,0.38921717,25.807524
2015-09-28,0.31722182,25.296825
2015-09-29,0.84817773,24.53638
2015-09-30,-0.02924858,24.815365
2015-10-01,-0.11474057,24.653372
2015-10-02,-0.53320277,24.833351
2015-10-05,-0.20248295,24.923359
2015-10-06,-0.15298685,25.042585
2015-10-07,0.21598125,24.923359
2015-10-08,0.15523715,24.635374
2015-10-09,-0.47695944,25.224823
2015-10-12,0.2542292,25.107836
2015-10-13,-0.21823144,25.15058
2015-10-14,0.2429794,24.795107
2015-10-15,-0.209232,25.166327
2015-10-16,0.1664852,24.981852
2015-10-19,-0.20923205,25.137085
2015-10-20,-0.546703,25.596045
2015-10-21,0.053994857,25.59379
2015-10-22,-0.26322687,25.985258
2015-10-23,-0.53545487,26.790688
2015-10-26,0.6299464,25.935764
2015-10-27,0.19123316,25.771526
2015-10-28,-0.5264538,26.833435
2015-10-29,-0.41171494,27.116913
2015-10-30,0.3352206,26.885181
2015-11-02,-0.08549201,27.263147
2015-11-03,-0.40046516,27.57587
2015-11-04,0.25422746,27.447632
2015-11-05,0.21012764,27.321102
2015-11-06,0.011297872,27.352737
2015-11-09,0.08811789,27.242027
2015-11-10,0.02937377,26.383432
2015-11-11,0.05874582,26.234312
2015-11-12,0.1220098,26.146204
2015-11-13,0.6461988,25.382502
2015-11-16,-0.6326429,25.798246
2015-11-17,0.2779097,25.68753
2015-11-18,-0.34569347,26.500929
2015-11-19,-0.25757557,26.837582
2015-11-20,-0.022595743,26.955076
2015-11-23,0.34343365,26.60487
2015-11-24,-0.35021156,26.860176
2015-11-25,0.2666136,26.66813
2015-11-27,0.108453706,26.61842
2015-11-30,-0.070043705,26.729136
2015-12-01,0.3185814,26.51223
2015-12-02,0.23949964,26.272718
2015-12-03,0.3050253,26.028708
2015-12-04,-0.8450287,26.89407
2015-12-07,0.1581616,26.724615
2015-12-08,-0.16042152,26.71332
2015-12-09,0.45640543,26.123606
2015-12-10,-0.029372051,26.247871
2015-12-11,0.45414722,25.572302
2015-12-14,-0.06778378,25.41414
2015-12-15,0.32761934,24.964516
2015-12-16,-0.061004028,25.156565
2015-12-17,0.6868672,24.62334
2015-12-18,0.6507188,23.956804
2015-12-21,-0.011297872,24.250532
2015-12-22,0.038410008,24.22794
2015-12-23,-0.30276546,24.539745
2015-12-24,0.21916558,24.408688
2015-12-28,0.17397584,24.1353
2015-12-29,-0.40217936,24.569109
2015-12-30,0.2846894,24.248266
2015-12-31,0.39540124,23.78282
2016-01-04,-0.6190851,23.803162
2016-01-05,0.68686885,23.20667
2016-01-06,-0.031631965,22.75252
2016-01-07,0.50385517,21.792267
2016-01-08,0.35925123,21.907492
2016-01-11,0.09941574,22.262224
2016-01-12,0.1333076,22.58532
2016-01-13,0.662015,22.004654
2016-01-14,-0.35247147,22.485907
2016-01-15,-0.21012767,21.945906
2016-01-19,0.3954014,21.839714
2016-01-20,-0.38184527,21.869083
2016-01-21,0.17171593,21.758373
2016-01-22,-0.6303831,22.915207
2016-01-25,0.46996155,22.46784
2016-01-26,-0.013556069,22.592108
2016-01-27,0.59197295,21.107655
2016-01-28,-0.06778206,21.259037
2016-01-29,-0.57615525,21.993353
2016-02-01,0.009037954,21.787748
2016-02-02,0.2123858,21.34715
2016-02-03,-0.3050236,21.769672
2016-02-04,-0.16810507,21.94459
2016-02-05,0.56792414,21.35849
2016-02-08,-0.4270801,21.583391
2016-02-09,-0.15901807,21.578846
2016-02-10,0.37483045,21.415293
2016-02-11,0.020446166,21.285791
2016-02-12,0.04543497,21.351675
2016-02-16,-0.3680155,21.953678
2016-02-17,-0.3293969,22.289879
2016-02-18,0.5860963,21.867348
2016-02-19,-0.009086995,21.817377
2016-02-22,-0.12948664,22.008196
2016-02-23,0.38845986,21.510693
2016-02-24,-0.4815985,21.831001
2016-02-25,-0.16129027,21.98094
2016-02-26,0.06587769,22.015018
2016-02-29,0.03861842,21.96503
2016-03-01,-0.6542481,22.83737
2016-03-02,-0.054520234,22.887344
2016-03-03,-0.20899568,23.057722
2016-03-04,-0.14538844,23.400745
2016-03-07,0.118127465,23.141775
2016-03-08,-0.056792438,22.95096
2016-03-09,0.04316106,22.9714
2016-03-10,0.05452196,22.982752
2016-03-11,-0.0045443643,23.230373
2016-03-14,-0.1385719,23.289433
2016-03-15,-0.14084584,23.757408
2016-03-16,-0.30895084,24.073166
2016-03-17,-0.06360897,24.034554
2016-03-18,0.09541083,24.061808
2016-03-21,0.00454263,24.059538
2016-03-22,-0.3339397,24.243547
2016-03-23,0.079510756,24.109512
2016-03-24,-0.045433234,24.005014
2016-03-28,0.18400683,23.895971
2016-03-29,-0.6338036,24.461632
2016-03-30,-0.20672348,24.888706
2016-03-31,0.16583462,24.759222
2016-04-01,-0.27487507,24.98639
2016-04-04,-0.15901983,25.243097
2016-04-05,-0.06814986,24.9455
2016-04-06,-0.16583289,25.206747
2016-04-07,0.32030827,24.656992
2016-04-08,0.05679242,24.684258
2016-04-11,-0.011357443,24.766037
2016-04-12,-0.24988803,25.08862
2016-04-13,-0.28168985,25.452085
2016-04-14,-0.10904046,25.465717
2016-04-15,0.51340383,24.954584
2016-04-18,0.32030833,24.416197
2016-04-19,0.22035313,24.28671
2016-04-20,-0.111312665,24.336689
2016-04-21,0.21808264,24.073166
2016-04-22,-0.15220325,24.007288
2016-04-25,-0.018173989,23.870989
2016-04-26,-0.09995349,23.705158
2016-04-27,-0.41344872,22.221737
2016-04-28,0.63153154,21.542505
2016-04-29,0.056792416,21.294884
2016-05-02,0.07496641,21.272167
2016-05-03,-0.22262701,21.622007
2016-05-04,0.2294401,21.39711
2016-05-05,0.1737006,21.31026
2016-05-06,0.14855967,21.191416
2016-05-09,0.04799588,21.207415
2016-05-10,-0.020568913,21.3514
2016-05-11,0.22169648,21.14342
2016-05-12,0.5439567,20.647455
2016-05-13,-0.11884663,20.68859
2016-05-16,-0.3405432,21.456537
2016-05-17,0.24226718,21.367403
2016-05-18,-0.09141971,21.61195
2016-05-19,0.10056381,21.529676
2016-05-20,-0.13256107,21.762802
2016-05-23,-0.12798901,22.039347
2016-05-24,-0.15541591,22.37531
2016-05-25,-0.21712618,22.768427
2016-05-26,-0.16684428,22.948982
2016-05-27,-0.2079821,22.935268
2016-05-31,-0.059424225,22.823286
2016-06-01,0.12798898,22.503304
2016-06-02,-0.027426967,22.334183
2016-06-03,-0.029711224,22.37988
2016-06-06,-0.14627363,22.542158
2016-06-07,0.05028191,22.633589
2016-06-08,0.01828289,22.613005
2016-06-09,-0.262836,22.775282
2016-06-10,-0.068566546,22.587875
2016-06-13,0.30854765,22.247326
2016-06-14,-0.031997245,22.27475
2016-06-15,0.15541595,22.201616
2016-06-16,-0.25140947,22.295326
2016-06-17,0.2948333,21.787937
2016-06-20,0.20569788,21.735373
2016-06-21,-0.22169648,21.920498
2016-06-22,0.15998627,21.838223
2016-06-23,-0.03656753,21.963917
2016-06-24,-0.111990385,21.346832
2016-06-27,0.21941042,21.035994
2016-06-28,-0.15770023,21.390253
2016-06-29,-0.09827777,21.575384
2016-06-30,-0.26512024,21.84964
2016-07-01,-0.09142147,21.915928
2016-07-05,0.09142147,21.71023
2016-07-06,-0.21255414,21.833645
2016-07-07,-0.054853916,21.927351
2016-07-08,-0.043425597,22.096489
2016-07-11,-0.05256791,22.16505
2016-07-12,-0.057138212,22.265617
2016-07-13,0.1234187,22.139908
2016-07-14,-0.3199742,22.578728
2016-07-15,0.031997252,22.576445
2016-07-18,-0.2582657,22.81642
2016-07-19,-0.070852526,22.82556
2016-07-20,0.00914232,22.846134
2016-07-21,0.091421455,22.725002
2016-07-22,0.13713132,22.549019
2016-07-25,0.20798385,22.247326
2016-07-26,0.03428327,22.094198
2016-07-27,0.30168957,23.529505
2016-07-28,-0.3451134,23.847193
2016-07-29,-0.0045702877,23.817482
2016-08-01,-0.37482646,24.238026
2016-08-02,0.35882777,23.879194
2016-08-03,-0.22398248,24.178598
2016-08-04,-0.066639565,24.327961
2016-08-05,-0.27804852,24.697926
2016-08-08,-0.19532365,24.902437
2016-08-09,-0.13327742,25.003551
2016-08-10,0.16315132,24.817417
2016-08-11,0.13557577,24.801329
2016-08-12,-0.091916695,24.858776
2016-08-15,-0.3079206,25.1575
2016-08-16,0.057447735,25.134533
2016-08-17,-0.027575541,25.097765
2016-08-18,0.034468986,25.065592
2016-08-19,-0.13557753,25.12993
2016-08-22,0.08042645,24.934607
2016-08-23,-0.059746124,25.01274
2016-08-24,0.1240873,24.82431
2016-08-25,-0.04136244,24.71861
2016-08-26,0.108001985,24.573835
2016-08-29,-0.04595747,24.546259
2016-08-30,-0.045957472,24.357832
2016-08-31,-0.101106785,24.38081
2016-09-01,-0.13557754,24.525583
2016-09-02,-0.0068952,24.755375
2016-09-06,0.045959234,24.74848
2016-09-07,-0.1217889,24.900143
2016-09-08,0.39753902,24.247534
2016-09-09,0.3469848,23.698338
2016-09-12,-0.6411168,24.229153
2016-09-13,-0.10110679,24.805923
2016-09-14,-0.6985627,25.683723
2016-09-15,-0.39294216,26.55693
2016-09-16,0.04595923,26.40757
2016-09-19,0.3699636,26.099657
2016-09-20,-0.11949048,26.09735
2016-09-21,0.06893622,26.092758
2016-09-22,-0.062044516,26.33863
2016-09-23,0.39294225,25.899733
2016-09-26,-0.28494024,25.938797
2016-09-27,-0.02068034,25.987053
2016-09-28,-0.059744366,26.18467
2016-09-29,0.22519583,25.77794
2016-09-30,-0.13557756,25.977865
2016-10-03,0.04366083,25.85607
2016-10-04,0.013786895,25.966375
2016-10-05,0.08042648,25.977865
2016-10-06,-0.043660823,26.170881
2016-10-07,0.057447728,26.209951
2016-10-10,-0.23668613,26.667238
2016-10-11,0.32170588,26.724684
2016-10-12,0.0022984,26.963665
2016-10-13,-0.043660823,26.880936
2016-10-14,0.05744773,27.030306
2016-10-17,-0.050554287,27.011925
2016-10-18,0.1631513,26.993532
2016-10-19,0.02987218,26.913107
2016-10-20,-0.045957476,26.89932
2016-10-21,0.048255872,26.793615
2016-10-24,-0.12638573,27.034908
2016-10-25,-0.06893796,27.172768
2016-10-26,-0.294132,26.561523
2016-10-27,0.20910881,26.306463
2016-10-28,0.034468986,26.13182
2016-10-31,0.025277132,26.090452
2016-11-01,0.4526883,25.619385
2016-11-02,-0.04365909,25.642372
2016-11-03,0.2656167,25.367514
2016-11-04,-0.071600355,25.138851
2016-11-07,-0.07622075,25.501474
2016-11-08,-0.17322803,25.651606
2016-11-09,-0.23097067,25.610027
2016-11-10,0.7622022,24.89633
2016-11-11,-0.30257103,25.044151
2016-11-14,0.46194148,24.415916
2016-11-15,-0.124724396,24.739273
2016-11-16,-0.7598939,25.40447
2016-11-17,-0.032335754,25.395226
2016-11-18,-0.07852919,25.420633
2016-11-21,-0.371863,25.80636
2016-11-22,0.034644194,25.822525
2016-11-23,0.030025559,25.690874
2016-11-25,-0.15244152,25.820215
2016-11-28,-0.032335754,25.7694
2016-11-29,-0.15706012,25.743988
2016-11-30,0.24944882,25.526886
2016-12-01,0.20325539,25.288986
2016-12-02,-0.16860938,25.383678
2016-12-05,0.20556377,25.201212
2016-12-06,-0.1039361,25.395226
2016-12-07,-0.40881726,25.64467
2016-12-08,-0.2910236,25.896439
2016-12-09,-0.37879178,26.319109
2016-12-12,-0.002310201,26.168987
2016-12-13,-0.3118118,26.60551
2016-12-14,-0.034645952,26.60551
2016-12-15,-0.10162765,26.75102
2016-12-16,0.11548538,26.785679
2016-12-19,-0.19401455,26.940424
2016-12-20,-0.04850364,27.012026
2016-12-21,-0.060051106,27.037426
2016-12-22,0.013857675,26.859577
2016-12-23,-0.2148028,26.912703
2016-12-27,-0.17091961,27.083628
2016-12-28,0.17553645,26.968138
2016-12-29,-0.06467328,26.961214
2016-12-30,0.19170606,26.75102
2017-01-03,-0.080839396,26.827248
2017-01-04,-0.039264597,26.79722
2017-01-05,-0.15937036,26.933496
2017-01-06,-0.26099804,27.233757
2017-01-09,-0.24020974,27.483204
2017-01-10,-0.078530945,27.510916
2017-01-11,-0.2332809,27.658741
2017-01-12,-0.08083938,27.543253
2017-01-13,0.016167875,27.494747
2017-01-17,-0.38341224,27.716486
2017-01-18,0.0023102006,27.714176
2017-01-19,-0.087768234,27.66567
2017-01-20,0.10393612,27.716486
2017-01-23,-0.018478075,27.734957
2017-01-24,-0.09700728,27.709558
2017-01-25,-0.337217,28.150707
2017-01-26,-0.062363055,28.164558
2017-01-27,0.043884993,28.166874
2017-01-30,-0.16167879,28.092966
2017-01-31,-0.046193436,28.028294
2017-02-01,-0.3972699,29.737478
2017-02-02,-0.12703282,29.68666
2017-02-03,-0.17784843,29.8137
2017-02-06,-0.26792336,30.093172
2017-02-07,-0.22866225,30.379574
2017-02-08,-0.15936682,30.49737
2017-02-09,-0.17861946,30.717737
2017-02-10,0.07887319,30.648146
2017-02-13,-0.048712157,30.919558
2017-02-14,-0.35955742,31.32087
2017-02-15,0.0023219865,31.43454
2017-02-16,0.07422925,31.397432
2017-02-17,-0.14382152,31.483242
2017-02-21,-0.10902717,31.710585
2017-02-22,-0.15774286,31.805693
2017-02-23,0.1971777,31.67115
2017-02-24,-0.17397906,31.701305
2017-02-27,0.0487157,31.763939
2017-02-28,0.020876633,31.77785
2017-03-01,-0.44074553,32.427376
2017-03-02,0.24124946,32.234848
2017-03-03,-0.2319721,32.42506
2017-03-06,0.0069588805,32.322994
2017-03-07,-0.10670871,32.364746
2017-03-08,-0.011599314,32.244125
2017-03-09,0.013921297,32.169884
2017-03-10,0.02551707,32.276596
2017-03-13,-0.081188105,32.290512
2017-03-14,0.07191078,32.241802
2017-03-15,-0.24357149,32.582813
2017-03-16,0.0069588786,32.63615
2017-03-17,0.23429057,32.473778
2017-03-20,-0.24589339,32.814774
2017-03-21,0.52657753,32.43897
2017-03-22,-0.36419445,32.805504
2017-03-23,0.07886965,32.689503
2017-03-24,0.19949609,32.624546
2017-03-27,-0.34563956,32.680218
2017-03-28,-0.6703993,33.357594
2017-03-29,-0.10206828,33.431816
2017-03-30,0.06031501,33.38774
2017-03-31,0.013917754,33.3251
2017-04-03,0.0023219862,33.33439
2017-04-04,-0.35259864,33.582607
2017-04-05,0.0463937,33.408615
2017-04-06,0.14613996,33.3251
2017-04-07,0.09046899,33.250885
2017-04-10,0.09974984,33.211445
2017-04-11,0.30388296,32.854218
2017-04-12,-0.046393707,32.893642
2017-04-13,0.19949612,32.71966
2017-04-17,-0.08119164,32.900597
2017-04-18,0.04871569,32.75445
2017-04-19,0.2783694,32.63384
2017-04-20,-0.28300625,33.042107
2017-04-21,0.03943482,33.002663
2017-04-24,-0.03247595,33.32047
2017-04-25,-0.14382157,33.526928
2017-04-26,0.18325998,33.329758
2017-04-27,0.030157516,33.355278
2017-04-28,0.102068245,33.322777
2017-05-01,-0.34331772,34.002472
2017-05-02,0.0069588786,34.218197
2017-05-03,-0.34099916,34.113804
2017-05-04,-0.0023184468,33.99087
2017-05-05,-0.5103413,34.554554
2017-05-08,-0.92324793,35.49405
2017-05-09,-0.027839048,35.72137
2017-05-10,0.085832074,35.55204
2017-05-11,-0.3493944,35.859512
2017-05-12,-0.32610363,36.360317
2017-05-15,0.07220759,36.26713
2017-05-16,0.10947716,36.213554
2017-05-17,0.7803154,34.997665
2017-05-18,-0.29581797,35.53107
2017-05-19,0.07453918,35.652203
2017-05-22,0.0023280159,35.86882
2017-05-23,0.2562204,35.82457
2017-05-24,0.11646481,35.717426
2017-05-25,-0.03261,35.840874
2017-05-26,0.0908424,35.780315
2017-05-30,-0.05823239,35.794285
2017-05-31,0.28184634,35.58232
2017-06-01,-0.0023280159,35.680145
2017-06-02,-0.43557715,36.2089
2017-06-05,0.095502,35.854855
2017-06-06,-0.12811193,35.97596
2017-06-07,-0.08152318,36.19025
2017-06-08,0.060560424,36.101765
2017-06-09,1.4464939,34.70184
2017-06-12,0.07453917,33.87262
2017-06-13,0.13277157,34.145145
2017-06-14,0.54505414,33.812046
2017-06-15,-0.22593844,33.60941
2017-06-16,0.3517223,33.138885
2017-06-19,-0.6242496,34.086914
2017-06-20,0.4332491,33.77711
2017-06-21,-0.0815232,33.97743
2017-06-22,0.032609995,33.92153
2017-06-23,-0.2678676,34.072937
2017-06-26,0.3144526,33.96577
2017-06-27,0.29814956,33.478966
2017-06-28,-0.3121248,33.96812
2017-06-29,0.23992077,33.467323
2017-06-30,0.10015799,33.546513
2017-07-03,0.321444,33.4254
2017-07-05,-0.09317038,33.562813
2017-07-06,0.067551576,33.24604
2017-07-07,-0.29814962,33.58379
2017-07-10,-0.22128235,33.788757
2017-07-11,-0.18634439,33.898243
2017-07-12,0.030278418,33.947147
2017-07-13,-0.528751,34.42
2017-07-14,-0.24923284,34.715828
2017-07-17,-0.17236562,34.83695
2017-07-18,-0.20497917,34.958073
2017-07-19,-0.12578394,35.177017
2017-07-20,0.27019912,35.018627
2017-07-21,-0.06521999,35.002327
2017-07-24,-0.35172245,35.426266
2017-07-25,-0.21895427,35.57765
2017-07-26,-0.025622388,35.745365
2017-07-27,0.74304605,35.06988
2017-07-28,0.0908424,34.822975
2017-07-31,0.2725271,34.643604
2017-08-01,-0.2212824,34.951084
2017-08-02,0.4984692,36.60256
2017-08-03,0.34473476,36.236855
2017-08-04,-0.074535616,36.427856
2017-08-07,-0.4076269,36.991558
2017-08-08,-0.34473476,37.287365
2017-08-09,-0.4192739,37.515633
2017-08-10,1.0710038,36.320698
2017-08-11,-0.20578055,36.825798
2017-08-14,-0.12393718,37.38001
2017-08-15,-0.2198142,37.789238
2017-08-16,0.23150718,37.637245
2017-08-17,0.6220264,36.914642
2017-08-18,0.0841841,36.830482
2017-08-21,0.06781326,36.762657
2017-08-22,-0.3624594,37.363644
2017-08-23,-0.21279557,37.410404
2017-08-24,0.2712566,37.244373
2017-08-25,-0.049108855,37.382336
2017-08-28,-0.31101328,37.75883
2017-08-29,-0.65710175,38.095566
2017-08-30,0.10522923,38.19847
2017-08-31,-0.08418407,38.350456
2017-09-01,0.17538321,38.362156
2017-09-05,0.39051965,37.901493
2017-09-06,0.1870762,37.86174
2017-09-07,0.19409117,37.709724
2017-09-08,0.5214716,37.09471
2017-09-11,-0.23384428,37.76585
2017-09-12,0.4092275,37.61619
2017-09-13,0.051446013,37.33323
2017-09-14,0.16603102,37.012875
2017-09-15,-0.32972124,37.38702
2017-09-18,0.33673638,37.104076
2017-09-19,0.18239819,37.118088
2017-09-20,0.42793193,36.496082
2017-09-21,0.5635658,35.86939
2017-09-22,-0.08184693,35.51861
2017-09-25,-0.13095222,35.205257
2017-09-26,-0.31802842,35.81092
2017-09-27,-0.10055133,36.065804
2017-09-28,0.14264515,35.84365
2017-09-29,-0.21279562,36.040085
2017-10-02,0.10522921,35.967587
2017-10-03,-0.1099071,36.124264
2017-10-04,0.03507879,35.890427
2017-10-05,-0.2829531,36.33706
2017-10-06,-0.07716904,36.316017
2017-10-09,-0.0070150434,36.442295
2017-10-10,0.03741595,36.456333
2017-10-11,-0.1356301,36.608322
2017-10-12,0.08184693,36.47971
2017-10-13,-0.060801797,36.711216
2017-10-16,-0.4630142,37.38702
2017-10-17,-0.16135313,37.524994
2017-10-18,0.15433809,37.358963
2017-10-19,0.18006103,36.475018
2017-10-20,0.08418408,36.538166
2017-10-23,0.1683682,36.51947
2017-10-24,-0.18941687,36.73694
2017-10-25,0.116922185,36.5756
2017-10-26,-0.042093836,36.809437
2017-10-27,-0.8792567,38.128307
2017-10-30,-0.6617798,38.986523
2017-10-31,-0.2665823,39.529034
2017-11-01,0.696855,39.026276
2017-11-02,-0.35310358,39.31156
2017-11-03,0.35076642,40.33814
2017-11-06,-0.43962842,40.747368
2017-11-07,-0.21045843,40.87832
2017-11-08,-0.36947435,41.21271
2017-11-09,-0.18006107,41.12853
2017-11-10,0.10326193,40.992413
2017-11-13,-0.110302225,40.828144
2017-11-14,0.39896366,40.210915
2017-11-15,0.20886941,39.680523
2017-11-16,0.018771643,40.15459
2017-11-17,0.20886943,39.931637
2017-11-20,0.072751746,39.89174
2017-11-21,-0.5538566,40.63335
2017-11-22,-0.3754973,41.060474
2017-11-24,0.030510189,41.062824
2017-11-27,0.22529909,40.856297
2017-11-28,0.28866154,40.616932
2017-11-29,0.73925954,39.774395
2017-11-30,-0.33325574,40.330605
2017-12-01,-0.25815484,40.142857
2017-12-04,0.6289539,39.8495
2017-12-05,-0.1361177,39.811954
2017-12-06,-0.354373,39.664104
2017-12-07,-0.068060644,39.73686
2017-12-08,0.26284954,39.74858
2017-12-11,-0.81435686,40.52304
2017-12-12,0.105607465,40.295387
2017-12-13,0.05397653,40.429173
2017-12-14,0.042241573,40.417442
2017-12-15,-0.07979203,40.828144
2017-12-18,-0.36141312,41.403103
2017-12-19,0.1149969,40.961906
2017-12-20,0.12203358,40.917316
2017-12-21,-0.19713448,41.07221
2017-12-22,-0.07744645,41.07221
2017-12-26,0.05397653,40.03021
2017-12-27,-0.11734244,40.037243
2017-12-28,-0.018775227,40.149902
2017-12-29,0.30274564,39.71574
